USE Hermosa

INSERT INTO MsStaff
VALUES('ST001','Alvin Kurniawan','Male',3000000,'Alvink80@gmail.com','+6281388935621','JL. salam 3'),
('ST002','Albert Thema','Male',1500000,'AlbertT00@gmail.com','+6281392749471','JL. melati'),
('ST003','josevanus adrian','Male',2000000,'Adrianjose@gmail.com','+6281302649194','JL. mawar'),
('ST004','Gisella','Female',1000000,'Gisell99@gmail.com','+6281321840284','JL. delima'),
('ST005','Bella Verena','Female',1750000,'BellaVere@gmail.com','+6281339503857','JL. dahlia'),
('ST006','Novi Tjia','Female',2250000,'NovTja10@gmail.com','+6281324477789','JL. melati'),
('ST007','Filbert Cornelius','Male',800000,'Filcorn@gmail.com','+6281334926483','JL. katalia'),
('ST008','Marco Hendry','Male',700000,'HendryMarco@gmail.com','+6281365230283','JL. azalea'),
('ST009','Natasya Viola','Female',2500000,'Viola809@gmail.com','+6281355338890','JL. bogenville'),
('ST010','Jennifer Gabriela','Female',2550000,'Gabrielaa@gmail.com','+6281327483503','JL. salam raya')

INSERT INTO Member
VALUES('MM001','Eva Maria','+6289064738490','Female','Eva12@gmail.com'),
('MM002','Anton Menam','+6289021345679','Male','Antonmenam@gmail.com'),
('MM003','Evi Sutanti','+6289077384928','Female','Evi10@gmail.com'),
('MM004','Yani Vella','+6289063908367','Female','Vellayani@gmail.com'),
('MM005','Hero Marantau','+6289085647389','Male','Marantau90@gmail.com'),
('MM006','Daniel Kerdes','+6289000384759','Male','Dandanker89@gmail.com'),
('MM007','Mario Marimo','+6289023789467','Male','Marmarimo@gmail.com'),
('MM008','Susi Susis','+6289004578937','Female','Susis89@gmail.com'),
('MM009','Verndanda Manuruk','+6289026478356','Female','Verman80@gmail.com'),
('MM010','Mariam Eksan','+6289084657216','Male','Mariameksan@gmail.com')

INSERT INTO Supplier
VALUES('VD001','Henry Muliawan','+6282575839024','Henrym@gmail.com','JL. Simpruk'),
('VD002','Handoko Hemo','+6282574839028','HandokHemo@gmail.com','JL. Hijau'),
('VD003','Doni','+6282505674839','Doni88@gmail.com','JL. Meadow Green'),
('VD004','Vera Vernamo','+6282588947635','Vernamovera@gmail.com','JL. Salam 4'),
('VD005','Izly','+6282536478590','Izly11@gmail.com','JL. Citralen'),
('VD006','Chelly Chell','+6282527849307','Chelchel@gmail.com','JL. Rawa Belong'),
('VD007','Namina Azur','+6282575494037','Azur99@gmail.com','JL. Buaya'),
('VD008','Iki Tenrino','+6282584736289','Ikikiki@gmail.com','JL. Ragunan'),
('VD009','Vanni Sumpenti','+6282564738209','Vavan241@gmail.com','JL. Tambun'),
('VD010','Kezia Sumendap','+6282565748392','Sumendapkezia@gmail.com','JL. Kelapa Dua')

INSERT INTO GownType
VALUES('GT001','Mermaid Style','Style duyung yang mempercantik penampilan anda'),
('GT002','Jacket Gown','Gaun berbentuk jaket yang mempesona dan menarik'),
('GT003','A-line','Model terbaru dan favorite'),
('GT004','The Sheath','Elegan dan menawan'),
('GT005','Tea Length','Gaun kekinian dan cocok untuk semua pengguna'),
('GT006','Ball Gown','Berbentuk bola dengan fashion yang indah'),
('GT007','Exaggerated','Kece , keren dan kekinian'),
('GT008','Princess Gown','Gaun putri untuk kelas atas'),
('GT009','Empire Waist','Indah , cantik dan menawan'),
('GT010','Asymmetrical','Anggun dan luar biasa')

INSERT INTO Gown
VALUES('GW001','GT001','Red',500000,420),
('GW002','GT002','Blue',400000,250),
('GW003','GT003','Pink',750000,100),
('GW004','GT004','White',800000,370),
('GW005','GT005','Black',900000,230),
('GW006','GT006','Orange',1000000,150),
('GW007','GT007','Purple',200000,200),
('GW008','GT008','Yellow',300000,400),
('GW009','GT009','Grey',600000,600),
('GW010','GT010','Brown',900000,250)

INSERT INTO Rent
VALUES('RE001','ST001','MM005','GW007','05-01-19','05-07-19','The Sheath',2),
('RE002','ST001','MM005','GW001','05-10-19','05-11-19','Jacket Gown',1),
('RE003','ST002','MM001','GW009','05-15-19','05-20-19','Tea Length',5),
('RE004','ST003','MM007','GW003','05-20-19','05-22-19','Princess Gown',1),
('RE005','ST007','MM009','GW010','05-27-19','05-30-19','Asymmetrical',3),
('RE006','ST010','MM002','GW005','06-05-19','06-10-19','The Sheath',1),
('RE007','ST004','MM010','GW002','06-12-19','06-18-19','Ball Gown',2),
('RE008','ST009','MM006','GW006','06-20-19','06-22-19','Exaggerated',4),
('RE009','ST009','MM008','GW009','06-25-19','06-26-19','Asymmetrical',1),
('RE010','ST007','MM007','GW008','06-27-19','06-30-19','Mermaid Style',2),
('RE011','ST008','MM003','GW003','07-03-19','07-10-19','The Sheath',1),
('RE012','ST005','MM004','GW002','07-12-19','07-20-19','Princess Gown',3),
('RE013','ST005','MM004','GW004','08-05-19','08-10-19','Mermaid Style',3), 
('RE014','ST006','MM010','GW001','08-15-19','08-17-19','Empire Waist',2), 
('RE015','ST006','MM005','GW010','08-23-19','08-27-19','A-line',1), 
('RE016','ST007','MM009','GW009','08-15-19','08-17-19','Empire Waist',3), 
('RE017','ST001','MM001','GW002','08-19-19','08-20-19','Asymmetrical',2), 
('RE018','ST003','MM010','GW005','08-21-19','08-23-19','Ball Gown',3), 
('RE019','ST003','MM008','GW006','08-25-19','08-26-19','Empire Waist',1),
('RE020','ST010','MM001','GW010','08-29-19','08-30-19','The Sheath',1), 
('RE021','ST010','MM009','GW003','09-01-19','09-05-19','Asymmetrical',2), 
('RE022','ST008','MM007','GW005','09-07-19','09-09-19','Princess Gown',2), 
('RE023','ST004','MM004','GW003','09-11-19','09-13-19','Empire Waist',3), 
('RE024','ST005','MM010','GW002','09-20-19','09-30-19','Princess Gown',2), 
('RE025','ST007','MM010','GW001','10-07-19','10-17-19','Asymmetrical',1)

INSERT INTO Payment
VALUES('PY001','OVO',1600000),
('PY002','GOPAY',500000),
('PY003','CASH',4500000),
('PY004','CASH',300000),
('PY005','CASH',2700000),
('PY006','OVO',800000),
('PY007','BCA',2000000),
('PY008','GOPAY',800000),
('PY009','OVO',900000),
('PY010','OVO',1000000),
('PY011','BCA',800000),
('PY012','CASH',900000),
('PY013','BCA',1500000),
('PY014','BCA',1200000),
('PY015','GOPAY',750000),
('PY016','GOPAY',1800000),
('PY017','OVO',1800000),
('PY018','BCA',3000000),
('PY019','CASH',600000),
('PY020','BCA',800000),
('PY021','OVO',1800000),
('PY022','GOPAY',600000),
('PY023','BCA',1800000),
('PY024','CASH',600000),
('PY025','CASH',900000)

INSERT INTO TransactionHeader
VALUES('PD001','ST001','VD003','GW007','05-01-19',2,'PY001'),
('PD002','ST001','VD010','GW001','05-10-19',1,'PY002'),
('PD003','ST002','VD002','GW009','05-15-19',5,'PY003'),
('PD004','ST003','VD009','GW003','05-20-19',1,'PY004'),
('PD005','ST007','VD010','GW010','05-27-19',3,'PY005'),
('PD006','ST010','VD008','GW005','06-05-19',1,'PY006'),
('PD007','ST004','VD008','GW002','06-12-19',2,'PY007'),
('PD008','ST009','VD006','GW006','06-20-19',4,'PY008'),
('PD009','ST009','VD004','GW009','06-25-19',1,'PY009'),
('PD010','ST007','VD002','GW008','06-27-19',2,'PY010'),
('PD011','ST008','VD007','GW003','07-03-19',1,'PY011'),
('PD012','ST005','VD005','GW002','07-12-19',3,'PY012'),
('PD013','ST005','VD005','GW004','08-05-19',3,'PY013'),
('PD014','ST006','VD009','GW001','08-15-19',2,'PY014'),
('PD015','ST006','VD004','GW010','08-23-19',1,'PY015'),
('PD016','ST007','VD002','GW009','08-15-19',3,'PY016'),
('PD017','ST001','VD010','GW002','08-19-19',2,'PY017'),
('PD018','ST003','VD009','GW005','08-21-19',3,'PY018'),
('PD019','ST003','VD008','GW006','08-25-19',1,'PY019'),
('PD020','ST010','VD002','GW010','08-29-19',1,'PY020'),
('PD021','ST010','VD005','GW003','09-01-19',2,'PY021'),
('PD022','ST008','VD006','GW005','09-07-19',2,'PY022'),
('PD023','ST004','VD010','GW003','09-11-19',3,'PY023'),
('PD024','ST005','VD009','GW002','09-20-19',2,'PY024'),
('PD025','ST007','VD010','GW001','10-07-19',1,'PY025')